Accident_Index,Location_Easting_OSGR,Location_Northing_OSGR,Longitude,Latitude,Police_Force,Accident_Severity,Number_of_Vehicles,Number_of_Casualties,Date,Day_of_Week,Time,Local_Authority_(District),Local_Authority_(Highway),1st_Road_Class,1st_Road_Number,Road_Type,Speed_limit,Junction_Detail,Junction_Control,2nd_Road_Class,2nd_Road_Number,Pedestrian_Crossing-Human_Control,Pedestrian_Crossing-Physical_Facilities,Light_Conditions,Weather_Conditions,Road_Surface_Conditions,Special_Conditions_at_Site,Carriageway_Hazards,Urban_or_Rural_Area,Did_Police_Officer_Attend_Scene_of_Accident,LSOA_of_Accident_Location
2016930000001,337976,736915,-3.009671,56.520222,Tayside,Slight,1,1,30/08/2016,Tuesday,12:20,Dundee City,Dundee City,Unclassified,0,Single carriageway,30,Not at junction or within 20 metres,Data missing or out of range,Data missing or out of range,0,None within 50 metres ,No physical crossing facilities within 50 metres,Daylight,Fine no high winds,Dry,None,None,Rural,Yes,
2016930000007,338005,730283,-3.00762,56.460652,Tayside,Slight,2,2,14/12/2016,Wednesday,18:50,Dundee City,Dundee City,C,240,Single carriageway,30,T or staggered junction,Give way or uncontrolled,Unclassified,0,None within 50 metres ,No physical crossing facilities within 50 metres,Darkness - lights lit,Fine no high winds,Dry,None,None,Urban,Yes,
2016930000009,340898,730781,-2.960794,56.465498,Tayside,Serious,1,2,22/12/2016,Thursday,14:40,Dundee City,Dundee City,Unclassified,0,Single carriageway,30,T or staggered junction,Give way or uncontrolled,C,241,None within 50 metres ,No physical crossing facilities within 50 metres,Daylight,Fine no high winds,Wet or damp,None,None,Urban,Yes,
2016930000014,340585,731660,-2.966073,56.473354,Tayside,Slight,2,1,10/10/2016,Monday,11:49,Dundee City,Dundee City,Unclassified,0,Single carriageway,30,Crossroads,Give way or uncontrolled,Unclassified,0,None within 50 metres ,No physical crossing facilities within 50 metres,Daylight,Fine no high winds,Dry,None,None,Urban,Yes,
2016930000017,337373,733800,-3.01872,56.492161,Tayside,Serious,1,1,23/07/2016,Saturday,21:10,Dundee City,Dundee City,Unclassified,0,Single carriageway,30,Not at junction or within 20 metres,Data missing or out of range,Data missing or out of range,0,None within 50 metres ,No physical crossing facilities within 50 metres,Daylight,Fine no high winds,Dry,None,None,Urban,Yes,
2016930000019,340510,730006,-2.966913,56.458487,Tayside,Slight,2,1,05/07/2016,Tuesday,12:45,Dundee City,Dundee City,A,919,Single carriageway,30,T or staggered junction,Give way or uncontrolled,B,Data missing or out of range,None within 50 metres ,Zebra,Daylight,Fine no high winds,Dry,None,None,Urban,Yes,
2016930000025,343271,733140,-2.9228,56.486981,Tayside,Slight,2,3,12/01/2016,Tuesday,13:55,Dundee City,Dundee City,C,229,Single carriageway,30,Not at junction or within 20 metres,Data missing or out of range,Data missing or out of range,0,None within 50 metres ,No physical crossing facilities within 50 metres,Daylight,Fine no high winds,Wet or damp,None,None,Urban,Yes,
2016930000028,339424,731894,-2.984971,56.475308,Tayside,Slight,1,1,06/01/2016,Wednesday,16:40,Dundee City,Dundee City,Unclassified,0,Single carriageway,30,T or staggered junction,Give way or uncontrolled,B,960,None within 50 metres ,No physical crossing facilities within 50 metres,Darkness - lights lit,Raining no high winds,Wet or damp,None,None,Urban,Yes,
2016930000032,336587,732942,-3.031274,56.484348,Tayside,Slight,1,2,22/01/2016,Friday,00:04,Dundee City,Dundee City,Unclassified,0,Single carriageway,30,Not at junction or within 20 metres,Data missing or out of range,Data missing or out of range,0,None within 50 metres ,No physical crossing facilities within 50 metres,Darkness - no lighting,Fine no high winds,Wet or damp,None,None,Rural,Yes,
2016930000036,340528,730056,-2.966632,56.458939,Tayside,Slight,2,1,23/10/2016,Sunday,19:10,Dundee City,Dundee City,A,991,Dual carriageway,30,Not at junction or within 20 metres,Data missing or out of range,Data missing or out of range,0,None within 50 metres ,No physical crossing facilities within 50 metres,Darkness - lights lit,Raining no high winds,Wet or damp,None,None,Urban,Yes,
2016930000038,339454,730488,-2.984157,56.462682,Tayside,Slight,2,1,26/01/2016,Tuesday,15:40,Dundee City,Dundee City,Unclassified,0,Single carriageway,30,T or staggered junction,Give way or uncontrolled,Unclassified,0,None within 50 metres ,No physical crossing facilities within 50 metres,Daylight,Fine no high winds,Wet or damp,None,None,Urban,Yes,
2016930000047,338718,732500,-2.996573,56.48066,Tayside,Slight,2,1,06/01/2016,Wednesday,17:00,Dundee City,Dundee City,B,900,Single carriageway,30,T or staggered junction,Give way or uncontrolled,C,222,None within 50 metres ,No physical crossing facilities within 50 metres,Darkness - lights lit,Raining no high winds,Wet or damp,None,None,Urban,Yes,
2016930000048,344553,731474,-2.90163,56.472168,Tayside,Slight,2,2,15/01/2016,Friday,13:30,Dundee City,Dundee City,Unclassified,0,Single carriageway,30,T or staggered junction,Give way or uncontrolled,Unclassified,0,None within 50 metres ,No physical crossing facilities within 50 metres,Daylight,Fine no high winds,Dry,None,None,Urban,Yes,
2016930000049,338653,733850,-2.997946,56.492779,Tayside,Slight,2,1,27/01/2016,Wednesday,16:20,Dundee City,Dundee City,Unclassified,0,Single carriageway,30,T or staggered junction,Give way or uncontrolled,Unclassified,0,None within 50 metres ,No physical crossing facilities within 50 metres,Darkness - lights lit,Fine no high winds,Wet or damp,None,None,Urban,Yes,
2016930000052,337816,731439,-3.010962,56.471011,Tayside,Serious,1,1,03/02/2016,Wednesday,19:45,Dundee City,Dundee City,A,923,Dual carriageway,30,Not at junction or within 20 metres,Data missing or out of range,Data missing or out of range,0,None within 50 metres ,"Pelican, puffin, toucan or similar non-junction pedestrian light crossing",Darkness - lights lit,Fine no high winds,Dry,None,None,Urban,Yes,
2016930000056,346200,731850,-2.874977,56.475737,Tayside,Slight,1,1,08/02/2016,Monday,19:45,Dundee City,Dundee City,C,235,Single carriageway,30,T or staggered junction,Give way or uncontrolled,Unclassified,0,None within 50 metres ,No physical crossing facilities within 50 metres,Darkness - lights lit,Fine + high winds,Wet or damp,None,None,Urban,Yes,
2016930000057,339876,730156,-2.977233,56.459754,Tayside,Slight,2,1,13/02/2016,Saturday,12:45,Dundee City,Dundee City,Unclassified,0,Dual carriageway,30,Roundabout,Give way or uncontrolled,Unclassified,0,None within 50 metres ,"Pelican, puffin, toucan or similar non-junction pedestrian light crossing",Daylight,Fine no high winds,Dry,None,None,Urban,Yes,
2016930000058,337710,731756,-3.012758,56.473845,Tayside,Slight,2,2,30/01/2016,Saturday,13:45,Dundee City,Dundee City,A,923,Dual carriageway,30,T or staggered junction,Auto traffic signal,C,253,None within 50 metres ,"Pelican, puffin, toucan or similar non-junction pedestrian light crossing",Daylight,Fine no high winds,Wet or damp,None,None,Urban,Yes,
2016930000059,339805,732768,-2.978989,56.483208,Tayside,Slight,2,1,06/02/2016,Saturday,09:05,Dundee City,Dundee City,A,90,Dual carriageway,40,Not at junction or within 20 metres,Data missing or out of range,Data missing or out of range,0,None within 50 metres ,No physical crossing facilities within 50 metres,Daylight,Fine no high winds,Dry,None,None,Urban,Yes,
2016930000061,341307,731910,-2.954411,56.475691,Tayside,Slight,2,1,17/11/2016,Thursday,10:20,Dundee City,Dundee City,A,929,Single carriageway,30,Crossroads,Give way or uncontrolled,Unclassified,0,None within 50 metres ,No physical crossing facilities within 50 metres,Daylight,Fine no high winds,Dry,None,None,Urban,Yes,
2016930000068,339379,732674,-2.985883,56.482309,Tayside,Slight,1,1,28/09/2016,Wednesday,12:00,Dundee City,Dundee City,Unclassified,0,Single carriageway,30,Not at junction or within 20 metres,Data missing or out of range,Data missing or out of range,0,None within 50 metres ,No physical crossing facilities within 50 metres,Daylight,Fine no high winds,Dry,None,None,Urban,Yes,
2016930000069,340656,730650,-2.964691,56.464291,Tayside,Serious,2,1,01/11/2016,Tuesday,14:09,Dundee City,Dundee City,A,991,Dual carriageway,30,Roundabout,Give way or uncontrolled,Unclassified,0,None within 50 metres ,No physical crossing facilities within 50 metres,Daylight,Fine no high winds,Dry,None,None,Urban,Yes,
2016930000073,345396,732322,-2.888126,56.479884,Tayside,Slight,2,1,12/02/2016,Friday,18:55,Dundee City,Dundee City,Unclassified,0,Slip road,30,Not at junction or within 20 metres,Data missing or out of range,Data missing or out of range,0,None within 50 metres ,"Pelican, puffin, toucan or similar non-junction pedestrian light crossing",Darkness - lights lit,Fine no high winds,Dry,None,None,Rural,Yes,
2016930000074,340245,730515,-2.971329,56.463026,Tayside,Slight,1,1,28/02/2016,Sunday,03:15,Dundee City,Dundee City,Unclassified,0,Single carriageway,30,Not at junction or within 20 metres,Data missing or out of range,Data missing or out of range,0,None within 50 metres ,No physical crossing facilities within 50 metres,Darkness - lights lit,Fine no high winds,Dry,None,None,Urban,Yes,
2016930000076,337715,731755,-3.012677,56.473837,Tayside,Slight,2,2,30/01/2016,Saturday,10:10,Dundee City,Dundee City,A,923,Dual carriageway,30,T or staggered junction,Auto traffic signal,Unclassified,0,None within 50 metres ,"Pelican, puffin, toucan or similar non-junction pedestrian light crossing",Daylight,Fine no high winds,Wet or damp,None,None,Urban,Yes,
2016930000084,338813,731638,-2.994828,56.47293,Tayside,Slight,1,1,07/03/2016,Monday,09:35,Dundee City,Dundee City,C,201,Single carriageway,30,Not at junction or within 20 metres,Data missing or out of range,Data missing or out of range,0,None within 50 metres ,No physical crossing facilities within 50 metres,Daylight,Fine no high winds,Dry,None,None,Urban,Yes,
2016930000085,340063,731012,-2.974396,56.467467,Tayside,Slight,1,1,02/03/2016,Wednesday,13:15,Dundee City,Dundee City,C,215,Single carriageway,30,T or staggered junction,Give way or uncontrolled,C,209,None within 50 metres ,No physical crossing facilities within 50 metres,Daylight,Fine no high winds,Dry,None,None,Urban,No,
2016930000087,339418,730180,-2.98467,56.459911,Tayside,Slight,1,1,16/02/2016,Tuesday,17:30,Dundee City,Dundee City,C,240,Single carriageway,30,T or staggered junction,Give way or uncontrolled,C,253,None within 50 metres ,No physical crossing facilities within 50 metres,Darkness - lights lit,Fine no high winds,Wet or damp,None,None,Urban,Yes,
2016930000091,339934,730374,-2.976343,56.46172,Tayside,Slight,1,1,04/03/2016,Friday,09:20,Dundee City,Dundee City,C,204,Single carriageway,30,T or staggered junction,Give way or uncontrolled,Unclassified,0,None within 50 metres ,No physical crossing facilities within 50 metres,Daylight,Fine no high winds,Dry,None,None,Urban,Yes,
2016930000093,340292,730724,-2.970614,56.464909,Tayside,Serious,1,2,20/02/2016,Saturday,10:40,Dundee City,Dundee City,A,929,Single carriageway,30,T or staggered junction,Auto traffic signal,Unclassified,0,None within 50 metres ,"Pelican, puffin, toucan or similar non-junction pedestrian light crossing",Daylight,Fine no high winds,Dry,None,None,Urban,Yes,
2016930000098,337118,730819,-3.02214,56.465349,Tayside,Slight,2,1,19/03/2016,Saturday,19:40,Dundee City,Dundee City,Unclassified,0,Single carriageway,30,T or staggered junction,Give way or uncontrolled,Unclassified,0,None within 50 metres ,No physical crossing facilities within 50 metres,Darkness - lights lit,Fine no high winds,Dry,None,None,Urban,Yes,
2016930000100,340575,731448,-2.966187,56.471449,Tayside,Slight,2,1,13/03/2016,Sunday,18:10,Dundee City,Dundee City,A,929,Single carriageway,30,Roundabout,Give way or uncontrolled,Unclassified,0,None within 50 metres ,No physical crossing facilities within 50 metres,Darkness - lights lit,Fine no high winds,Dry,None,None,Urban,Yes,
2016930000104,341687,731227,-2.94809,56.469603,Tayside,Serious,2,1,04/01/2016,Monday,19:30,Dundee City,Dundee City,B,959,Single carriageway,30,T or staggered junction,Give way or uncontrolled,Unclassified,0,None within 50 metres ,No physical crossing facilities within 50 metres,Darkness - lights lit,Fine no high winds,Wet or damp,None,None,Urban,Yes,
2016930000113,342831,731386,-2.929559,56.471171,Tayside,Slight,2,1,29/03/2016,Tuesday,09:00,Dundee City,Dundee City,Unclassified,0,Single carriageway,30,T or staggered junction,Give way or uncontrolled,Unclassified,0,None within 50 metres ,No physical crossing facilities within 50 metres,Daylight,Fine no high winds,Dry,None,None,Urban,Yes,
2016930000124,343152,731684,-2.924415,56.473887,Tayside,Slight,2,1,10/04/2016,Sunday,18:05,Dundee City,Dundee City,A,92,Single carriageway,30,Roundabout,Give way or uncontrolled,C,223,None within 50 metres ,No physical crossing facilities within 50 metres,Daylight,Fine no high winds,Dry,None,None,Urban,Yes,
2016930000126,338010,731515,-3.007832,56.47172,Tayside,Slight,2,1,19/04/2016,Tuesday,08:50,Dundee City,Dundee City,Unclassified,0,Single carriageway,30,T or staggered junction,Give way or uncontrolled,Unclassified,0,None within 50 metres ,No physical crossing facilities within 50 metres,Daylight,Fine no high winds,Dry,None,None,Urban,Yes,
2016930000127,342769,733969,-2.931133,56.494367,Tayside,Serious,2,1,20/04/2016,Wednesday,23:00,Dundee City,Dundee City,C,211,Single carriageway,30,Not at junction or within 20 metres,Data missing or out of range,Data missing or out of range,0,None within 50 metres ,No physical crossing facilities within 50 metres,Darkness - lights lit,Fine no high winds,Dry,None,None,Urban,Yes,
2016930000129,338780,730833,-2.995175,56.465694,Tayside,Slight,1,1,19/04/2016,Tuesday,13:30,Dundee City,Dundee City,A,923,Dual carriageway,30,T or staggered junction,Give way or uncontrolled,Unclassified,0,None within 50 metres ,No physical crossing facilities within 50 metres,Daylight,Fine no high winds,Dry,None,None,Urban,Yes,
2016930000133,337139,732642,-3.02224,56.481728,Tayside,Slight,2,1,12/04/2016,Tuesday,17:45,Dundee City,Dundee City,Unclassified,0,Single carriageway,20,T or staggered junction,Give way or uncontrolled,Unclassified,0,None within 50 metres ,No physical crossing facilities within 50 metres,Daylight,Fine no high winds,Dry,None,None,Urban,Yes,
2016930000136,340482,730448,-2.967468,56.462454,Tayside,Slight,1,1,20/04/2016,Wednesday,13:23,Dundee City,Dundee City,Unclassified,0,Single carriageway,30,T or staggered junction,Give way or uncontrolled,Unclassified,0,None within 50 metres ,"Pelican, puffin, toucan or similar non-junction pedestrian light crossing",Daylight,Fine no high winds,Dry,None,None,Urban,Yes,
2016930000165,339580,730198,-2.982046,56.460093,Tayside,Serious,2,1,05/05/2016,Thursday,17:25,Dundee City,Dundee City,C,253,Roundabout,30,Roundabout,Give way or uncontrolled,Unclassified,0,None within 50 metres ,No physical crossing facilities within 50 metres,Daylight,Fine no high winds,Dry,None,None,Urban,Yes,
2016930000235,338505,731416,-2.999775,56.470895,Tayside,Slight,3,2,21/02/2016,Sunday,12:40,Dundee City,Dundee City,C,201,Single carriageway,30,Crossroads,Give way or uncontrolled,C,233,None within 50 metres ,No physical crossing facilities within 50 metres,Daylight,Fine no high winds,Dry,None,None,Urban,Yes,
2016930000256,342543,733634,-2.93473,56.49133,Tayside,Slight,2,1,13/05/2016,Friday,15:00,Dundee City,Dundee City,Unclassified,0,Single carriageway,30,T or staggered junction,Give way or uncontrolled,Unclassified,0,None within 50 metres ,No physical crossing facilities within 50 metres,Daylight,Fine no high winds,Dry,None,None,Urban,Yes,
2016930000286,338076,733705,-3.007281,56.491401,Tayside,Serious,1,2,12/05/2016,Thursday,18:40,Dundee City,Dundee City,C,202,Single carriageway,30,Not at junction or within 20 metres,Data missing or out of range,Data missing or out of range,0,None within 50 metres ,No physical crossing facilities within 50 metres,Daylight,Fine no high winds,Dry,None,None,Urban,Yes,
2016930000300,339721,731879,-2.980147,56.475212,Tayside,Slight,2,2,05/06/2016,Sunday,00:50,Dundee City,Dundee City,Unclassified,0,Roundabout,30,Roundabout,Give way or uncontrolled,B,960,None within 50 metres ,No physical crossing facilities within 50 metres,Darkness - lights lit,Fine no high winds,Dry,None,None,Urban,Yes,
2016930000318,346244,730766,-2.874039,56.466004,Tayside,Slight,1,2,29/05/2016,Sunday,04:19,Dundee City,Dundee City,Unclassified,0,Single carriageway,30,T or staggered junction,Give way or uncontrolled,Unclassified,0,None within 50 metres ,No physical crossing facilities within 50 metres,Darkness - lights lit,Fine no high winds,Dry,None,None,Urban,Yes,
2016930000319,341652,734529,-2.949399,56.49926,Tayside,Serious,2,2,06/06/2016,Monday,15:15,Dundee City,Dundee City,A,90,Dual carriageway,70,Not at junction or within 20 metres,Data missing or out of range,Data missing or out of range,0,None within 50 metres ,No physical crossing facilities within 50 metres,Daylight,Fine no high winds,Dry,None,None,Rural,Yes,
2016930000324,344944,731539,-2.895298,56.472798,Tayside,Serious,2,1,06/06/2016,Monday,07:55,Dundee City,Dundee City,Unclassified,0,Single carriageway,30,Not at junction or within 20 metres,Data missing or out of range,Data missing or out of range,0,None within 50 metres ,No physical crossing facilities within 50 metres,Daylight,Fine no high winds,Dry,None,None,Urban,Yes,
2016930000327,337517,731845,-3.015912,56.474619,Tayside,Slight,2,1,06/06/2016,Monday,20:35,Dundee City,Dundee City,C,253,Single carriageway,30,T or staggered junction,Give way or uncontrolled,Unclassified,0,None within 50 metres ,No physical crossing facilities within 50 metres,Daylight,Fine no high winds,Dry,None,None,Urban,Yes,
2016930000331,336708,732899,-3.029299,56.483978,Tayside,Serious,1,1,08/06/2016,Wednesday,22:16,Dundee City,Dundee City,Unclassified,0,Single carriageway,20,Not at junction or within 20 metres,Data missing or out of range,Data missing or out of range,0,None within 50 metres ,No physical crossing facilities within 50 metres,Darkness - no lighting,Fine no high winds,Dry,None,None,Urban,Yes,
2016930000335,339991,733454,-2.976128,56.489394,Tayside,Slight,1,1,31/05/2016,Tuesday,19:35,Dundee City,Dundee City,Unclassified,0,Single carriageway,30,Not at junction or within 20 metres,Data missing or out of range,Data missing or out of range,0,None within 50 metres ,No physical crossing facilities within 50 metres,Daylight,Fine no high winds,Dry,None,None,Urban,No,
2016930000336,341131,731397,-2.957152,56.47106,Tayside,Slight,1,1,03/06/2016,Friday,16:13,Dundee City,Dundee City,A,929,Single carriageway,30,T or staggered junction,Give way or uncontrolled,Unclassified,0,None within 50 metres ,No physical crossing facilities within 50 metres,Daylight,Fine no high winds,Dry,None,None,Urban,Yes,
2016930000346,342983,731655,-2.927151,56.473606,Tayside,Slight,1,1,06/06/2016,Monday,14:10,Dundee City,Dundee City,Unclassified,0,Single carriageway,30,T or staggered junction,Give way or uncontrolled,B,959,None within 50 metres ,No physical crossing facilities within 50 metres,Daylight,Fine no high winds,Dry,None,None,Urban,Yes,
2016930000348,344559,731474,-2.901533,56.472169,Tayside,Slight,3,4,12/06/2016,Sunday,13:15,Dundee City,Dundee City,Unclassified,0,Single carriageway,30,Crossroads,Give way or uncontrolled,Data missing or out of range,Data missing or out of range,None within 50 metres ,No physical crossing facilities within 50 metres,Daylight,Fine no high winds,Dry,None,None,Urban,Yes,
2016930000359,343261,731164,-2.922532,56.469229,Tayside,Slight,1,1,15/06/2016,Wednesday,16:00,Dundee City,Dundee City,Unclassified,0,Dual carriageway,30,Crossroads,Give way or uncontrolled,C,223,None within 50 metres ,No physical crossing facilities within 50 metres,Daylight,Fine no high winds,Wet or damp,None,None,Urban,Yes,
2016930000360,339155,730797,-2.989081,56.465419,Tayside,Slight,1,1,15/06/2016,Wednesday,10:10,Dundee City,Dundee City,C,245,Single carriageway,30,Not at junction or within 20 metres,Data missing or out of range,Data missing or out of range,0,None within 50 metres ,No physical crossing facilities within 50 metres,Daylight,Raining no high winds,Wet or damp,None,None,Urban,Yes,
2016930000376,340675,732133,-2.96472,56.477615,Tayside,Slight,2,1,20/06/2016,Monday,10:35,Dundee City,Dundee City,C,244,Single carriageway,30,Not at junction or within 20 metres,Data missing or out of range,Data missing or out of range,0,None within 50 metres ,"Pelican, puffin, toucan or similar non-junction pedestrian light crossing",Daylight,Fine no high winds,Dry,None,None,Urban,Yes,
2016930000377,341017,731306,-2.958981,56.470229,Tayside,Slight,3,2,08/06/2016,Wednesday,18:15,Dundee City,Dundee City,Unclassified,0,Single carriageway,30,T or staggered junction,Give way or uncontrolled,A,929,None within 50 metres ,No physical crossing facilities within 50 metres,Daylight,Fine no high winds,Dry,None,None,Urban,Yes,
2016930000390,342763,732035,-2.930805,56.476993,Tayside,Slight,1,1,13/06/2016,Monday,17:30,Dundee City,Dundee City,A,972,Dual carriageway,40,Not at junction or within 20 metres,Data missing or out of range,Data missing or out of range,0,None within 50 metres ,No physical crossing facilities within 50 metres,Daylight,Fine no high winds,Dry,None,None,Urban,No,
2016930000397,342646,732110,-2.932721,56.477652,Tayside,Slight,2,1,16/06/2016,Thursday,16:45,Dundee City,Dundee City,C,200,Single carriageway,30,T or staggered junction,Give way or uncontrolled,A,972,None within 50 metres ,No physical crossing facilities within 50 metres,Daylight,Raining no high winds,Wet or damp,None,None,Urban,Yes,
2016930000398,341081,731093,-2.957895,56.468323,Tayside,Slight,1,1,24/06/2016,Friday,14:30,Dundee City,Dundee City,A,929,Single carriageway,30,Not at junction or within 20 metres,Data missing or out of range,Data missing or out of range,0,None within 50 metres ,No physical crossing facilities within 50 metres,Daylight,Fine no high winds,Dry,None,None,Urban,Yes,
2016930000422,342542,731508,-2.934276,56.472232,Tayside,Slight,1,1,10/07/2016,Sunday,21:20,Dundee City,Dundee City,B,959,Single carriageway,30,Not at junction or within 20 metres,Data missing or out of range,Data missing or out of range,0,None within 50 metres ,Central refuge,Darkness - lights lit,Fine no high winds,Wet or damp,None,None,Urban,Yes,
2016930000427,340436,731267,-2.968402,56.469805,Tayside,Slight,1,1,07/03/2016,Monday,16:35,Dundee City,Dundee City,Unclassified,0,Single carriageway,30,T or staggered junction,Give way or uncontrolled,Unclassified,0,None within 50 metres ,No physical crossing facilities within 50 metres,Daylight,Fine no high winds,Dry,None,None,Urban,Yes,
2016930000432,337986,732771,-3.00852,56.482999,Tayside,Slight,2,1,15/06/2016,Wednesday,16:20,Dundee City,Dundee City,Unclassified,0,Single carriageway,30,T or staggered junction,Give way or uncontrolled,Unclassified,0,None within 50 metres ,No physical crossing facilities within 50 metres,Daylight,Fine no high winds,Wet or damp,None,None,Urban,Yes,
2016930000439,343525,733000,-2.918646,56.485754,Tayside,Serious,2,2,10/07/2016,Sunday,16:50,Dundee City,Dundee City,Unclassified,0,Single carriageway,30,T or staggered junction,Give way or uncontrolled,C,229,None within 50 metres ,No physical crossing facilities within 50 metres,Daylight,Raining no high winds,Wet or damp,None,None,Urban,Yes,
2016930000443,341404,731335,-2.952707,56.470538,Tayside,Serious,1,1,30/04/2016,Saturday,21:00,Dundee City,Dundee City,Unclassified,0,Single carriageway,30,Not at junction or within 20 metres,Data missing or out of range,Data missing or out of range,0,None within 50 metres ,No physical crossing facilities within 50 metres,Darkness - lights lit,Fine no high winds,Dry,None,None,Urban,Yes,
2016930000446,342602,732848,-2.933598,56.484276,Tayside,Slight,2,2,05/07/2016,Tuesday,12:10,Dundee City,Dundee City,C,211,Single carriageway,30,Not at junction or within 20 metres,Data missing or out of range,Data missing or out of range,0,None within 50 metres ,No physical crossing facilities within 50 metres,Daylight,Fine no high winds,Dry,None,None,Urban,Yes,
2016930000447,341059,731462,-2.958335,56.471635,Tayside,Slight,2,1,06/07/2016,Wednesday,14:30,Dundee City,Dundee City,C,211,Single carriageway,30,T or staggered junction,Give way or uncontrolled,Unclassified,0,None within 50 metres ,No physical crossing facilities within 50 metres,Daylight,Fine no high winds,Dry,None,None,Urban,Yes,
2016930000449,339910,731276,-2.97694,56.469819,Tayside,Slight,1,1,11/07/2016,Monday,18:10,Dundee City,Dundee City,C,215,Single carriageway,30,T or staggered junction,Give way or uncontrolled,Unclassified,0,None within 50 metres ,No physical crossing facilities within 50 metres,Daylight,Fine no high winds,Dry,None,None,Urban,Yes,
2016930000453,342846,734064,-2.929904,56.495229,Tayside,Serious,2,1,15/07/2016,Friday,15:55,Dundee City,Dundee City,C,239,Single carriageway,30,Not at junction or within 20 metres,Data missing or out of range,Data missing or out of range,0,None within 50 metres ,No physical crossing facilities within 50 metres,Daylight,Raining no high winds,Wet or damp,None,None,Urban,Yes,
2016930000471,338780,730897,-2.99519,56.466269,Tayside,Slight,2,4,30/07/2016,Saturday,15:37,Dundee City,Dundee City,C,233,Single carriageway,30,Not at junction or within 20 metres,Data missing or out of range,Data missing or out of range,0,None within 50 metres ,No physical crossing facilities within 50 metres,Daylight,Fine no high winds,Dry,None,None,Urban,Yes,
2016930000474,345191,732035,-2.891393,56.477282,Tayside,Serious,2,4,26/07/2016,Tuesday,20:55,Dundee City,Dundee City,A,92,Dual carriageway,40,More than 4 arms (not roundabout),Auto traffic signal,B,978,None within 50 metres ,Pedestrian phase at traffic signal junction,Daylight,Raining no high winds,Dry,None,None,Urban,Yes,
2016930000478,340574,730569,-2.966003,56.463553,Tayside,Slight,2,1,03/05/2016,Tuesday,16:50,Dundee City,Dundee City,Unclassified,0,Single carriageway,30,Not at junction or within 20 metres,Data missing or out of range,Data missing or out of range,0,None within 50 metres ,No physical crossing facilities within 50 metres,Daylight,Fine no high winds,Dry,None,None,Urban,Yes,
2016930000479,338905,733217,-2.993706,56.487125,Tayside,Slight,2,3,28/07/2016,Thursday,19:45,Dundee City,Dundee City,Unclassified,0,Single carriageway,30,Not at junction or within 20 metres,Data missing or out of range,Data missing or out of range,0,None within 50 metres ,No physical crossing facilities within 50 metres,Daylight,Fine no high winds,Dry,None,None,Urban,Yes,
2016930000481,341095,731203,-2.957692,56.469313,Tayside,Serious,2,1,29/07/2016,Friday,22:50,Dundee City,Dundee City,A,929,Single carriageway,30,T or staggered junction,Auto traffic signal,A,929,None within 50 metres ,Pedestrian phase at traffic signal junction,Darkness - lights lit,Fine no high winds,Dry,None,None,Urban,Yes,
2016930000482,335421,730540,-3.049608,56.462613,Tayside,Slight,2,1,01/08/2016,Monday,07:57,Dundee City,Dundee City,Unclassified,0,Single carriageway,30,Other junction,Give way or uncontrolled,Unclassified,0,None within 50 metres ,No physical crossing facilities within 50 metres,Daylight,Fine no high winds,Dry,None,None,Urban,Yes,
2016930000484,344687,733279,-2.899839,56.488398,Tayside,Slight,2,1,05/08/2016,Friday,16:00,Dundee City,Dundee City,Unclassified,0,Single carriageway,30,T or staggered junction,Give way or uncontrolled,Unclassified,316,None within 50 metres ,No physical crossing facilities within 50 metres,Daylight,Fine no high winds,Dry,None,None,Urban,No,
2016930000488,341634,734033,-2.94958,56.494802,Tayside,Serious,2,3,10/08/2016,Wednesday,13:30,Dundee City,Dundee City,A,90,Roundabout,40,Roundabout,Give way or uncontrolled,Unclassified,0,None within 50 metres ,No physical crossing facilities within 50 metres,Daylight,Fine no high winds,Dry,None,None,Rural,Yes,
2016930000490,336743,730573,-3.028166,56.463089,Tayside,Slight,2,1,09/08/2016,Tuesday,07:20,Dundee City,Dundee City,C,205,Single carriageway,30,T or staggered junction,Give way or uncontrolled,Unclassified,0,None within 50 metres ,No physical crossing facilities within 50 metres,Daylight,Fine no high winds,Dry,None,None,Urban,Yes,
2016930000491,339545,732192,-2.983076,56.478001,Tayside,Slight,2,1,13/08/2016,Saturday,08:30,Dundee City,Dundee City,Unclassified,0,Single carriageway,30,T or staggered junction,Give way or uncontrolled,C,244,None within 50 metres ,No physical crossing facilities within 50 metres,Daylight,Fine no high winds,Dry,None,None,Urban,Yes,
2016930000501,341731,733667,-2.947922,56.491526,Tayside,Serious,1,1,25/07/2016,Monday,15:40,Dundee City,Dundee City,C,248,Single carriageway,30,Not at junction or within 20 metres,Data missing or out of range,Data missing or out of range,0,None within 50 metres ,No physical crossing facilities within 50 metres,Daylight,Fine no high winds,Wet or damp,None,None,Urban,Yes,
2016930000504,335360,732704,-3.051134,56.482043,Tayside,Slight,2,1,10/08/2016,Wednesday,17:55,Dundee City,Dundee City,Unclassified,0,Single carriageway,30,Not at junction or within 20 metres,Data missing or out of range,Data missing or out of range,0,None within 50 metres ,No physical crossing facilities within 50 metres,Daylight,Fine no high winds,Wet or damp,None,None,Rural,Yes,
2016930000507,340471,730619,-2.967686,56.463989,Tayside,Slight,1,1,17/08/2016,Wednesday,13:15,Dundee City,Dundee City,Unclassified,0,Single carriageway,30,Crossroads,Give way or uncontrolled,Unclassified,0,None within 50 metres ,No physical crossing facilities within 50 metres,Daylight,Fine no high winds,Dry,None,None,Urban,No,
2016930000509,341069,731472,-2.958175,56.471726,Tayside,Serious,1,1,09/08/2016,Tuesday,14:30,Dundee City,Dundee City,C,211,Single carriageway,30,T or staggered junction,Give way or uncontrolled,Unclassified,0,None within 50 metres ,No physical crossing facilities within 50 metres,Daylight,Fine no high winds,Dry,None,None,Urban,Yes,
2016930000510,342898,731351,-2.928464,56.470865,Tayside,Slight,2,1,18/08/2016,Thursday,17:50,Dundee City,Dundee City,A,92,Single carriageway,30,Roundabout,Give way or uncontrolled,Unclassified,0,None within 50 metres ,No physical crossing facilities within 50 metres,Daylight,Fine no high winds,Dry,None,None,Urban,Yes,
2016930000513,336115,731884,-3.038677,56.474781,Tayside,Serious,1,1,24/08/2016,Wednesday,18:50,Dundee City,Dundee City,Unclassified,0,Single carriageway,30,Not at junction or within 20 metres,Data missing or out of range,Data missing or out of range,0,None within 50 metres ,No physical crossing facilities within 50 metres,Daylight,Fine no high winds,Dry,None,None,Urban,Yes,
2016930000514,342236,731077,-2.939147,56.468323,Tayside,Slight,2,1,23/08/2016,Tuesday,15:55,Dundee City,Dundee City,A,92,Dual carriageway,40,Not at junction or within 20 metres,Data missing or out of range,Data missing or out of range,0,None within 50 metres ,No physical crossing facilities within 50 metres,Daylight,Fine no high winds,Dry,None,None,Urban,Yes,
2016930000516,340921,731346,-2.960549,56.470576,Tayside,Slight,1,1,06/08/2016,Saturday,21:00,Dundee City,Dundee City,C,211,Single carriageway,30,Crossroads,Give way or uncontrolled,Unclassified,0,None within 50 metres ,No physical crossing facilities within 50 metres,Darkness - lights lit,Fine no high winds,Dry,None,None,Urban,Yes,
2016930000518,339589,730428,-2.981953,56.462161,Tayside,Slight,3,1,12/08/2016,Friday,11:30,Dundee City,Dundee City,Unclassified,0,Single carriageway,30,Crossroads,Give way or uncontrolled,Unclassified,0,None within 50 metres ,No physical crossing facilities within 50 metres,Daylight,Fine no high winds,Dry,None,None,Urban,Yes,
2016930000519,343550,733660,-2.918383,56.491685,Tayside,Slight,1,1,18/08/2016,Thursday,22:25,Dundee City,Dundee City,Unclassified,0,Single carriageway,30,T or staggered junction,Give way or uncontrolled,C,239,None within 50 metres ,No physical crossing facilities within 50 metres,Darkness - lights lit,Fine no high winds,Dry,None,None,Urban,Yes,
2016930000520,338522,731815,-2.999593,56.474482,Tayside,Slight,2,1,26/08/2016,Friday,14:20,Dundee City,Dundee City,C,222,Single carriageway,30,Crossroads,Give way or uncontrolled,C,233,None within 50 metres ,No physical crossing facilities within 50 metres,Daylight,Fine no high winds,Dry,None,None,Urban,Yes,
2016930000527,336754,731876,-3.028303,56.474795,Tayside,Slight,2,1,10/03/2016,Thursday,09:00,Dundee City,Dundee City,C,243,Single carriageway,30,Not at junction or within 20 metres,Data missing or out of range,Data missing or out of range,0,None within 50 metres ,No physical crossing facilities within 50 metres,Daylight,Fine no high winds,Dry,None,None,Urban,No,
2016930000532,340448,732124,-2.968403,56.477505,Tayside,Slight,1,1,02/08/2016,Tuesday,14:00,Dundee City,Dundee City,C,244,Single carriageway,30,T or staggered junction,Give way or uncontrolled,Unclassified,0,None within 50 metres ,"Pelican, puffin, toucan or similar non-junction pedestrian light crossing",Daylight,Raining no high winds,Wet or damp,None,None,Urban,No,
2016930000533,340309,730525,-2.970293,56.463124,Tayside,Slight,2,1,04/09/2016,Sunday,00:30,Dundee City,Dundee City,C,204,Single carriageway,30,T or staggered junction,Give way or uncontrolled,Unclassified,0,None within 50 metres ,No physical crossing facilities within 50 metres,Darkness - lights lit,Fine no high winds,Wet or damp,None,None,Urban,Yes,
2016930000534,343273,731972,-2.922513,56.476489,Tayside,Slight,1,1,07/09/2016,Wednesday,12:20,Dundee City,Dundee City,B,961,Single carriageway,30,Not at junction or within 20 metres,Data missing or out of range,Data missing or out of range,0,None within 50 metres ,"Pelican, puffin, toucan or similar non-junction pedestrian light crossing",Daylight,Fine no high winds,Dry,None,None,Urban,Yes,
2016930000536,339913,730451,-2.976701,56.462409,Tayside,Slight,2,1,06/09/2016,Tuesday,18:30,Dundee City,Dundee City,Unclassified,0,Single carriageway,30,T or staggered junction,Give way or uncontrolled,Unclassified,0,None within 50 metres ,No physical crossing facilities within 50 metres,Daylight,Fine no high winds,Dry,None,None,Urban,Yes,
2016930000546,337023,731549,-3.023858,56.471894,Tayside,Slight,2,1,21/09/2016,Wednesday,07:40,Dundee City,Dundee City,C,217,Single carriageway,30,T or staggered junction,Give way or uncontrolled,Unclassified,0,None within 50 metres ,No physical crossing facilities within 50 metres,Daylight,Fine no high winds,Dry,None,None,Urban,Yes,
2016930000547,345903,731097,-2.879641,56.468938,Tayside,Slight,1,1,22/09/2016,Thursday,10:45,Dundee City,Dundee City,A,930,Single carriageway,30,Crossroads,Stop sign,Unclassified,0,None within 50 metres ,No physical crossing facilities within 50 metres,Daylight,Fine no high winds,Dry,None,None,Urban,Yes,
2016930000548,338533,729370,-2.998838,56.45252,Tayside,Slight,3,1,25/09/2016,Sunday,15:00,Dundee City,Dundee City,A,85,Single carriageway,40,Not at junction or within 20 metres,Data missing or out of range,Data missing or out of range,0,None within 50 metres ,No physical crossing facilities within 50 metres,Daylight,Fine no high winds,Dry,None,None,Urban,Yes,
2016930000553,342758,731408,-2.930749,56.47136,Tayside,Slight,2,1,28/09/2016,Wednesday,15:10,Dundee City,Dundee City,Unclassified,0,Single carriageway,30,Crossroads,Give way or uncontrolled,Unclassified,0,None within 50 metres ,No physical crossing facilities within 50 metres,Daylight,Raining no high winds,Wet or damp,None,None,Urban,Yes,
2016930000555,337060,730171,-3.022925,56.459521,Tayside,Slight,3,1,29/09/2016,Thursday,08:20,Dundee City,Dundee City,Unclassified,0,Single carriageway,30,Not at junction or within 20 metres,Data missing or out of range,Data missing or out of range,0,None within 50 metres ,No physical crossing facilities within 50 metres,Daylight,Fine no high winds,Wet or damp,None,None,Urban,Yes,
2016930000566,335449,731785,-3.049462,56.473801,Tayside,Slight,2,1,17/08/2016,Wednesday,16:30,Dundee City,Dundee City,A,90,Dual carriageway,50,Crossroads,Auto traffic signal,Unclassified,0,None within 50 metres ,Pedestrian phase at traffic signal junction,Daylight,Fine no high winds,Dry,None,None,Urban,No,
2016930000568,342771,732601,-2.9308,56.482078,Tayside,Slight,2,1,18/10/2016,Tuesday,07:50,Dundee City,Dundee City,C,236,Single carriageway,30,T or staggered junction,Give way or uncontrolled,Unclassified,0,None within 50 metres ,No physical crossing facilities within 50 metres,Daylight,Fine no high winds,Wet or damp,None,None,Urban,Yes,
2016930000571,340672,730365,-2.964366,56.461732,Tayside,Slight,4,1,20/10/2016,Thursday,12:45,Dundee City,Dundee City,A,92,Dual carriageway,30,Crossroads,Auto traffic signal,Unclassified,0,None within 50 metres ,Pedestrian phase at traffic signal junction,Daylight,Fine no high winds,Dry,None,None,Urban,Yes,
2016930000573,340032,732773,-2.975305,56.483282,Tayside,Slight,2,1,19/10/2016,Wednesday,08:15,Dundee City,Dundee City,A,90,Roundabout,60,Roundabout,Give way or uncontrolled,Unclassified,0,None within 50 metres ,No physical crossing facilities within 50 metres,Daylight,Fine no high winds,Dry,None,None,Urban,Yes,
2016930000580,339970,729539,-2.975566,56.454224,Tayside,Serious,2,2,13/09/2016,Tuesday,22:00,Dundee City,Dundee City,A,85,Dual carriageway,40,Not at junction or within 20 metres,Data missing or out of range,Data missing or out of range,0,None within 50 metres ,No physical crossing facilities within 50 metres,Darkness - lights lit,Raining no high winds,Wet or damp,None,None,Urban,Yes,
2016930000584,345303,732222,-2.889615,56.478975,Tayside,Serious,1,1,04/11/2016,Friday,11:20,Dundee City,Dundee City,B,978,Roundabout,30,Mini-roundabout,Give way or uncontrolled,Unclassified,0,None within 50 metres ,"Pelican, puffin, toucan or similar non-junction pedestrian light crossing",Daylight,Fine no high winds,Wet or damp,None,None,Urban,Yes,
2016930000592,346500,730823,-2.869896,56.466545,Tayside,Slight,4,1,10/11/2016,Thursday,13:15,Dundee City,Dundee City,C,212,Single carriageway,30,Crossroads,Give way or uncontrolled,Unclassified,0,None within 50 metres ,No physical crossing facilities within 50 metres,Daylight,Fine no high winds,Dry,None,None,Urban,Yes,
2016930000593,338677,730529,-2.996774,56.46295,Tayside,Serious,2,1,13/11/2016,Sunday,19:48,Dundee City,Dundee City,C,210,Single carriageway,30,T or staggered junction,Give way or uncontrolled,Unclassified,0,None within 50 metres ,No physical crossing facilities within 50 metres,Darkness - lights lit,Raining no high winds,Wet or damp,None,None,Urban,Yes,
2016930000594,344515,731828,-2.902322,56.475343,Tayside,Slight,2,2,16/11/2016,Wednesday,21:20,Dundee City,Dundee City,A,92,Single carriageway,40,Not at junction or within 20 metres,Data missing or out of range,Data missing or out of range,0,None within 50 metres ,No physical crossing facilities within 50 metres,Darkness - lights lit,Fine no high winds,Wet or damp,None,None,Urban,Yes,
2016930000595,336318,731912,-3.035389,56.47506,Tayside,Slight,2,1,09/11/2016,Wednesday,12:20,Dundee City,Dundee City,Unclassified,0,Single carriageway,30,Other junction,Give way or uncontrolled,Unclassified,0,None within 50 metres ,No physical crossing facilities within 50 metres,Daylight,Fine no high winds,Wet or damp,None,None,Urban,Yes,
2016930000597,339899,731347,-2.977135,56.470456,Tayside,Slight,1,1,14/11/2016,Monday,21:00,Dundee City,Dundee City,C,215,Single carriageway,30,T or staggered junction,Give way or uncontrolled,Unclassified,0,None within 50 metres ,No physical crossing facilities within 50 metres,Darkness - lights lit,Fine no high winds,Wet or damp,None,None,Urban,Yes,
2016930000600,347558,732821,-2.853129,56.484613,Tayside,Slight,3,1,14/11/2016,Monday,14:30,Dundee City,Dundee City,A,92,Dual carriageway,40,Not at junction or within 20 metres,Data missing or out of range,Data missing or out of range,0,None within 50 metres ,"Pelican, puffin, toucan or similar non-junction pedestrian light crossing",Daylight,Fine no high winds,Wet or damp,None,None,Urban,Yes,
2016930000601,341055,731463,-2.9584,56.471644,Tayside,Slight,1,1,08/11/2016,Tuesday,19:30,Dundee City,Dundee City,C,211,Single carriageway,30,T or staggered junction,Give way or uncontrolled,Unclassified,0,None within 50 metres ,"Pelican, puffin, toucan or similar non-junction pedestrian light crossing",Darkness - lights lit,Fine no high winds,Wet or damp,None,None,Urban,Yes,
2016930000602,339031,730615,-2.991051,56.463768,Tayside,Slight,2,1,15/11/2016,Tuesday,16:20,Dundee City,Dundee City,A,923,Single carriageway,30,T or staggered junction,Give way or uncontrolled,C,212,None within 50 metres ,Pedestrian phase at traffic signal junction,Daylight,Fine no high winds,Dry,None,None,Urban,No,
2016930000603,341540,733099,-2.950896,56.4864,Tayside,Slight,2,1,16/11/2016,Wednesday,12:55,Dundee City,Dundee City,A,90,Dual carriageway,40,Crossroads,Auto traffic signal,Unclassified,0,None within 50 metres ,Pedestrian phase at traffic signal junction,Daylight,Fine no high winds,Wet or damp,None,None,Urban,Yes,
2016930000604,338869,731840,-2.993967,56.474751,Tayside,Fatal,1,1,17/11/2016,Thursday,11:05,Dundee City,Dundee City,C,201,Single carriageway,30,Mini-roundabout,Give way or uncontrolled,C,222,None within 50 metres ,Central refuge,Daylight,Raining no high winds,Wet or damp,None,None,Urban,Yes,
2016930000611,339214,732844,-2.988601,56.483815,Tayside,Slight,2,1,22/11/2016,Tuesday,13:33,Dundee City,Dundee City,A,90,Dual carriageway,40,Roundabout,Give way or uncontrolled,B,960,None within 50 metres ,No physical crossing facilities within 50 metres,Daylight,Fine no high winds,Dry,None,None,Urban,Yes,
2016930000613,345312,732241,-2.889473,56.479147,Tayside,Slight,2,3,19/10/2016,Wednesday,17:10,Dundee City,Dundee City,B,978,Single carriageway,30,T or staggered junction,Give way or uncontrolled,C,237,None within 50 metres ,"Pelican, puffin, toucan or similar non-junction pedestrian light crossing",Daylight,Fine no high winds,Dry,None,None,Urban,Yes,
2016930000614,339474,732266,-2.984246,56.478656,Tayside,Serious,2,1,09/11/2016,Wednesday,08:25,Dundee City,Dundee City,B,960,Single carriageway,30,Not at junction or within 20 metres,Data missing or out of range,Data missing or out of range,0,None within 50 metres ,No physical crossing facilities within 50 metres,Daylight,Fine no high winds,Dry,None,None,Urban,No,
2016930000615,338496,734166,-3.000571,56.495597,Tayside,Slight,1,1,16/11/2016,Wednesday,15:55,Dundee City,Dundee City,B,960,Single carriageway,30,Crossroads,Give way or uncontrolled,C,218,None within 50 metres ,No physical crossing facilities within 50 metres,Darkness - lights lit,Raining no high winds,Wet or damp,None,None,Urban,Yes,
2016930000616,339718,730309,-2.979832,56.461108,Tayside,Slight,2,3,19/10/2016,Wednesday,20:45,Dundee City,Dundee City,Unclassified,0,Single carriageway,30,Crossroads,Stop sign,Unclassified,0,None within 50 metres ,No physical crossing facilities within 50 metres,Darkness - lights lit,Fine no high winds,Dry,None,None,Urban,Yes,
2016930000617,339995,732115,-2.975754,56.477367,Tayside,Slight,2,1,31/10/2016,Monday,17:40,Dundee City,Dundee City,C,209,Single carriageway,30,Not at junction or within 20 metres,Data missing or out of range,Data missing or out of range,0,None within 50 metres ,No physical crossing facilities within 50 metres,Darkness - lights lit,Raining no high winds,Wet or damp,None,None,Urban,Yes,
2016930000618,341841,732167,-2.945801,56.478066,Tayside,Slight,3,1,08/11/2016,Tuesday,19:00,Dundee City,Dundee City,C,211,Single carriageway,30,Crossroads,Give way or uncontrolled,C,244,None within 50 metres ,Central refuge,Darkness - lights lit,Fine no high winds,Wet or damp,None,None,Urban,Yes,
2016930000623,339266,730011,-2.987097,56.458373,Tayside,Slight,1,1,24/11/2016,Thursday,22:30,Dundee City,Dundee City,C,253,Dual carriageway,30,T or staggered junction,Auto traffic signal,Unclassified,0,None within 50 metres ,"Pelican, puffin, toucan or similar non-junction pedestrian light crossing",Darkness - lights lit,Fine no high winds,Wet or damp,None,None,Urban,Yes,
2016930000624,337379,732690,-3.018355,56.482191,Tayside,Slight,2,3,29/11/2016,Tuesday,13:35,Dundee City,Dundee City,A,923,Single carriageway,30,Roundabout,Give way or uncontrolled,A,90,None within 50 metres ,Central refuge,Daylight,Fine no high winds,Wet or damp,None,None,Urban,Yes,
2016930000625,337763,731567,-3.011853,56.472154,Tayside,Slight,2,1,17/10/2016,Monday,12:35,Dundee City,Dundee City,A,923,Roundabout,30,Roundabout,Give way or uncontrolled,C,217,None within 50 metres ,"Pelican, puffin, toucan or similar non-junction pedestrian light crossing",Daylight,Fine no high winds,Dry,None,None,Urban,Yes,
2016930000627,338701,730505,-2.996379,56.462737,Tayside,Slight,2,1,21/11/2016,Monday,10:45,Dundee City,Dundee City,C,210,Single carriageway,30,T or staggered junction,Give way or uncontrolled,Unclassified,0,None within 50 metres ,No physical crossing facilities within 50 metres,Daylight,Fine no high winds,Frost or ice,None,None,Urban,Yes,
2016930000628,341493,732868,-2.951607,56.484319,Tayside,Slight,2,2,30/11/2016,Wednesday,18:10,Dundee City,Dundee City,A,90,Dual carriageway,40,Not at junction or within 20 metres,Data missing or out of range,Data missing or out of range,0,None within 50 metres ,No physical crossing facilities within 50 metres,Darkness - lights lit,Fine no high winds,Dry,None,None,Urban,Yes,
2016930000631,339527,729360,-2.982711,56.452559,Tayside,Slight,2,2,05/12/2016,Monday,11:30,Dundee City,Dundee City,Unclassified,0,Single carriageway,40,Other junction,Give way or uncontrolled,Unclassified,0,None within 50 metres ,No physical crossing facilities within 50 metres,Daylight,Fine no high winds,Dry,None,None,Urban,Yes,
2016930000643,343631,732122,-2.916735,56.477879,Tayside,Slight,2,2,13/04/2016,Wednesday,17:40,Dundee City,Dundee City,C,200,Single carriageway,30,Not at junction or within 20 metres,Data missing or out of range,Data missing or out of range,0,None within 50 metres ,No physical crossing facilities within 50 metres,Daylight,Fine no high winds,Dry,None,None,Urban,Yes,
2016930000644,341100,731071,-2.957581,56.468128,Tayside,Slight,1,1,16/12/2016,Friday,19:05,Dundee City,Dundee City,C,0,Single carriageway,30,Crossroads,Auto traffic signal,A,929,None within 50 metres ,Pedestrian phase at traffic signal junction,Darkness - lights lit,Fine no high winds,Wet or damp,None,None,Urban,Yes,
2016930000646,338402,733812,-3.002013,56.492405,Tayside,Serious,1,1,21/12/2016,Wednesday,13:30,Dundee City,Dundee City,Unclassified,0,Single carriageway,30,Not at junction or within 20 metres,Data missing or out of range,Data missing or out of range,0,None within 50 metres ,No physical crossing facilities within 50 metres,Daylight,Fine no high winds,Wet or damp,None,None,Urban,Yes,
201693D000021,340933,730797,-2.960229,56.465646,Tayside,Slight,1,3,12/01/2016,Tuesday,21:20,Dundee City,Dundee City,C,241,Single carriageway,30,T or staggered junction,Give way or uncontrolled,Unclassified,0,None within 50 metres ,No physical crossing facilities within 50 metres,Darkness - lights lit,Fine no high winds,Dry,None,None,Urban,Yes,
201693D000023,342737,732612,-2.931354,56.482173,Tayside,Serious,2,1,06/01/2016,Wednesday,18:10,Dundee City,Dundee City,Unclassified,0,Single carriageway,30,T or staggered junction,Give way or uncontrolled,Unclassified,0,None within 50 metres ,No physical crossing facilities within 50 metres,Darkness - lights lit,Raining no high winds,Wet or damp,None,None,Urban,Yes,
201693D000024,338235,730295,-3.003891,56.46079,Tayside,Slight,2,1,11/01/2016,Monday,15:15,Dundee City,Dundee City,C,240,Single carriageway,30,Crossroads,Give way or uncontrolled,C,234,None within 50 metres ,No physical crossing facilities within 50 metres,Daylight,Fine no high winds,Dry,None,None,Urban,Yes,
